﻿ID,Category,Pos_b,Pos_e,Privacy
1006,scene,25,29,机场免税店
1006,scene,31,33,阿里山
1006,scene,35,37,日月潭
1006,scene,39,44,高雄六合夜市
1006,scene,46,47,花莲
1006,game,53,59,《刺客信条2》
1006,company,49,50,育碧
1006,company,89,104,湖北荆州公安花旗贷款有限责任公司
1006,company,106,109,花旗信贷
1006,government,142,144,房管局
1006,government,146,148,物价局
1006,government,151,152,政府
1006,book,114,127,《经济适用住房价格管理办法》
1006,movie,181,186,《蜘蛛侠2》
1006,address,203,209,国民政府总统府
