﻿ID,Category,Pos_b,Pos_e,Privacy
1052,game,0,11,《反恐精英Online》
1052,game,73,78,《几何战争》
1052,position,48,50,供应商
1052,government,80,87,武汉市国土房产局
1052,government,124,126,街道办
1052,book,99,119,《武汉市城镇居民购买经济适用住房资格证明》
1052,address,128,129,孟买
1052,government,144,147,印度政府
1052,game,168,171,DotA
1052,company,220,223,东亚银行
1052,organization,242,249,省民政厅福彩中心
1052,name,234,235,于海
