﻿ID,Category,Pos_b,Pos_e,Privacy
1059,organization,0,4,桑普多利亚
1059,organization,9,10,莱切
1059,organization,45,52,西南财经大学信托
1059,organization,54,58,理财研究所
1059,position,59,60,专家
1059,address,91,92,北京
1059,name,86,88,龚强华
1059,position,84,85,邮商
1059,organization,98,101,卡利亚里
1059,organization,104,107,佛罗伦萨
1059,organization,119,121,桑德兰
1059,organization,124,126,不莱梅
1059,organization,129,130,维拉
1059,company,135,138,中国银行
1059,company,141,144,湖南信托
1059,company,153,156,商业银行
1059,company,166,169,甘肃信托
