﻿ID,Category,Pos_b,Pos_e,Privacy
1062,position,0,4,统计学专家
1062,government,21,26,俄太平洋舰队
1062,government,36,37,海军
1062,name,30,35,维诺格拉多夫
1062,name,43,48,沙波什尼科夫
1062,position,38,39,上将
1062,position,49,50,元帅
1062,name,62,63,成钢
1062,company,114,115,工行
1062,company,128,131,威廉希尔
1062,company,140,141,立博
1062,company,164,167,toto
1062,company,152,155,snai
1062,government,176,181,通州区住保办
1062,game,209,219,《梦幻红楼Flash》
