﻿ID,Category,Pos_b,Pos_e,Privacy
1078,game,2,5,DOTA
1078,book,16,19,大众软件
1078,book,50,53,金鳞全集
1078,book,54,57,少妇白洁
1078,book,58,61,冰峰魔恋
1078,book,62,65,天地之间
1078,organization,102,103,曼联
1078,organization,106,107,维拉
1078,book,122,127,《百姓地产》
1078,book,140,148,《新老金融街争锋—
1078,name,111,115,【吴海花】
1078,government,149,164,中国国际城市化发展战略研究委员会
1078,company,168,171,国瑞地产
1078,company,173,178,国瑞购物中心
1078,government,207,209,邮政局
1078,name,217,219,李永春
1078,position,223,226,经营业户
