﻿ID,Category,Pos_b,Pos_e,Privacy
108,address,3,13,古田二路三环线立交桥下
108,scene,39,40,洱海
108,scene,34,35,喜洲
108,game,76,79,《怒潮》
108,book,67,70,大众软件
108,scene,90,93,moma
108,address,136,142,长阳半岛祥云湾
108,company,132,135,中粮万科
108,name,153,155,方肇新
108,scene,201,205,阿尔卑斯山
108,company,264,270,黑龙江天琪期货
108,book,313,316,Xbox
108,address,348,352,四川南充市
108,company,359,364,法国美信集团
108,company,366,371,国际金融公司
108,address,385,386,澳门
108,address,409,410,庙宇
108,government,435,437,教育局
108,game,475,480,《魔兽世界》
