﻿ID,Category,Pos_b,Pos_e,Privacy
1100,book,23,37,《郭庆祥：我为什么批评范曾》）
1100,book,44,49,《青年周末》
1100,movie,69,75,《辛普森家庭》
1100,movie,77,82,《山丘之王》
1100,company,59,67,FilmRoman
1100,book,124,130,《汽车驾驶员》
1100,government,131,136,中国的各部委
1100,government,145,147,财政部
1100,government,157,159,国资委
1100,company,176,178,上交所
1100,book,205,210,《证券日报》
1100,name,197,199,梁大伟
1100,company,180,190,个人银行财富企划业务部
1100,position,191,196,首席投资总监
1100,position,211,212,记者
