﻿ID,Category,Pos_b,Pos_e,Privacy
1116,organization,0,18,中国人民解放军军事科学院世界军事研究部
1116,book,29,31,赵小卓
1116,position,19,22,副研究员
1116,position,33,34,记者
1116,position,27,28,博士
1116,company,58,59,伟德
1116,company,61,66,bet365
1116,name,68,70,谷秀军
1116,organization,73,75,沙尔克
1116,organization,106,108,阿森纳
1116,government,114,116,住建部
1116,address,170,173,北凉王府
1116,movie,161,167,《雪中悍刀行》
1116,address,189,190,东北
1116,organization,216,224,东北革命军人同志会
1116,organization,226,230,反帝大同盟
