﻿ID,Category,Pos_b,Pos_e,Privacy
1121,government,8,10,银监会
1121,organization,22,27,上海经贸学院
1121,organization,51,55,教育评估院
1121,movie,101,106,《深海寻人》
1121,name,70,72,梁洛施
1121,company,79,82,英皇公司
1121,company,121,122,招行
1121,name,134,135,朱楠
1121,name,139,140,王昭
1121,position,132,133,记者
1121,position,136,138,实习生
1121,movie,161,169,《一起又看流星雨》
1121,movie,177,183,《泰坦尼克号》
1121,address,209,213,河南博物馆
1121,name,203,205,李长春
1121,position,194,202,中共中央政治局常委
1121,position,237,239,收藏家
1121,position,245,247,学问家
