﻿ID,Category,Pos_b,Pos_e,Privacy
1133,game,13,15,SC2
1133,game,26,27,魔兽
1133,name,38,39,沐尔
1133,company,5,6,WE
1133,book,48,53,《飞狐外传》
1133,book,54,59,《雪山飞狐》
1133,book,60,64,《连城诀》
1133,book,65,70,《天龙八部》
1133,book,71,77,《射雕英雄传》
1133,book,78,84,《白马啸西风》
1133,book,85,89,《鹿鼎记》
1133,name,43,44,金庸
1133,game,92,106,EARedwoodShores
1133,book,124,128,神雕侠侣》
1133,book,129,133,《侠.全文
1133,name,134,136,考蒂斯
1133,company,141,150,博彩公司bet365
1133,company,158,161,博彩公司
1133,address,185,189,Oahu岛
1133,scene,248,253,东方渔人码头
1133,game,260,263,DOTA
