﻿ID,Category,Pos_b,Pos_e,Privacy
1137,address,0,1,印度
1137,government,3,9,孟加拉边防部队
1137,scene,23,27,艾利尔海滩
1137,organization,76,78,阿森纳
1137,company,71,74,博彩公司
1137,organization,98,100,泽尼特
1137,organization,102,103,尤文
1137,book,115,119,《残次品》
1137,book,120,125,《一级律师》
1137,book,126,131,《星辰骑士》
1137,book,132,141,《影帝天天直播做饭》
1137,book,142,149,《银河帝国之刃》
1137,game,162,165,星际争霸
1137,game,169,173,星际争霸2
1137,name,157,158,乔四
