﻿ID,Category,Pos_b,Pos_e,Privacy
1142,movie,6,12,《活死人黎明》
1142,movie,13,27,(DawnoftheDead)
1142,movie,29,34,《人类之子》
1142,movie,47,50,梦魇惊魂
1142,movie,77,80,欢喜神郎
1142,company,106,109,金泰集团
1142,address,136,139,黔东南州
1142,address,149,150,贵阳
1142,scene,128,133,西江千户苗寨
1142,scene,152,153,西江
1142,company,194,197,雪山公司
1142,company,201,206,泰和友联公司
1142,government,212,223,山东社会科学院经济研究所
1142,name,226,228,张卫国
1142,position,224,225,所长
1142,company,262,271,中国光大银行沈阳分行
