﻿ID,Category,Pos_b,Pos_e,Privacy
115,movie,22,27,《战争机器》
115,book,30,34,洛杉矶时报
115,government,37,44,住房和城乡建设部
115,government,55,59,中央电视台
115,name,47,48,姜伟
115,position,45,46,部长
115,name,85,87,潘石屹
115,company,76,81,soho中国
115,position,82,84,董事长
115,game,117,119,SoZ
115,address,144,148,雅鲁藏布江
115,address,162,163,拉萨
115,address,187,188,拉萨
115,movie,228,233,《波斯王子》
115,position,204,210,军事体能训练家
115,name,272,273,吴明
115,position,270,271,总裁
115,name,284,285,李同
