﻿ID,Category,Pos_b,Pos_e,Privacy
1162,position,60,61,演员
1162,name,4,5,段鹏
1162,name,67,68,段鹏
1162,name,13,14,巴根
1162,name,21,23,王狗仔
1162,name,74,76,王狗仔
1162,name,35,37,孙玉田
1162,name,87,89,孙玉田
1162,name,44,45,阿弟
1162,movie,0,3,《亮剑》
1162,movie,63,66,《亮剑》
1162,movie,7,12,《奢香夫人》
1162,movie,16,20,《虾球传》
1162,movie,69,73,《虾球传》
1162,movie,25,34,《铁道游击队战后篇》
1162,movie,77,86,《铁道游击队战后篇》
1162,mobile,47,57,13810963997
