﻿ID,Category,Pos_b,Pos_e,Privacy
1174,organization,0,7,中山大学岭南学院
1174,name,13,15,王燕鸣
1174,position,8,12,金融系教授
1174,scene,79,85,英国国家美术馆
1174,address,99,100,新洲
1174,name,106,108,黄仕恒
1174,position,101,105,集邮爱好者
1174,game,147,152,星际争霸2》
1174,organization,186,187,福彩
1174,name,207,208,于海
1174,movie,239,244,《爱情公寓》
1174,movie,227,230,爱情公寓
1174,movie,257,260,爱情公寓
1174,address,283,294,西海北方界线附近的延坪岛
1174,government,303,308,朝鲜中央通讯
1174,organization,323,324,切沃
1174,organization,327,328,罗马
