﻿ID,Category,Pos_b,Pos_e,Privacy
1195,scene,12,14,世博园
1195,address,70,76,巴西圣保罗市区
1195,address,82,84,东洋街
1195,movie,50,53,《荡寇》
1195,name,55,57,余力为
1195,address,117,123,老特拉福德球场
1195,organization,101,103,凯尔特
1195,organization,106,107,曼联
1195,organization,135,137,赫尔城
1195,address,144,152,东至原城子矿矸石山
1195,address,154,160,现工人子弟小学
1195,address,162,175,西至西龙门排洪沟及沟边绿化带
1195,address,177,186,南至原门矿铁路专用线
