﻿ID,Category,Pos_b,Pos_e,Privacy
1201,government,0,7,广州市国土房管局
1201,name,17,19,史小明
1201,position,15,16,所长
1201,address,42,43,北京
1201,company,34,35,每经
1201,position,36,37,记者
1201,organization,53,54,曼联
1201,organization,82,83,曼联
1201,organization,75,76,曼城
1201,position,97,98,老师
1201,position,107,108,学生
1201,name,155,157,穆尼兹
1201,company,148,151,盖蒂信托
1201,position,152,154,ceo
1201,scene,170,174,盖蒂博物馆
1201,address,193,202,韩国首尔贸易大会中心
1201,address,204,208,setec
