﻿ID,Category,Pos_b,Pos_e,Privacy
1213,address,20,21,北美
1213,book,0,13,NintendoPower》
1213,company,16,18,任天堂
1213,government,57,59,社科院
1213,book,73,79,《经济蓝皮书》
1213,address,90,91,西单
1213,address,93,95,中关村
1213,organization,152,157,深圳北大医院
1213,name,131,132,郭菲
1213,address,192,193,金边
1213,address,195,196,暹粒
1213,address,198,202,西哈努克港
1213,name,217,219,胡志明
1213,company,172,176,vet公司
1213,scene,178,180,柬埔寨
1213,scene,249,253,国家图书馆
1213,scene,261,263,博物馆
