﻿ID,Category,Pos_b,Pos_e,Privacy
1216,address,18,19,四川
1216,name,13,14,胡文
1216,scene,29,30,石窟
1216,government,48,49,海军
1216,government,70,73,北方舰队
1216,name,59,63,梅德韦杰夫
1216,position,54,58,俄罗斯总统
1216,book,82,83,晨报
1216,name,88,89,李彦
1216,position,86,87,记者
1216,government,143,144,央行
1216,game,161,164,魔兽争霸
1216,book,177,182,《大众软件》
1216,company,186,193,兴业银行东外支行
1216,company,230,243,美国acquavella画廊
1216,position,301,303,理财师
1216,government,312,315,地方政府
1216,name,355,357,王亦君
1216,game,359,361,星际2
