﻿ID,Category,Pos_b,Pos_e,Privacy
1217,game,0,4,魔兽争霸3
1217,government,5,15,北京市第一中级人民法院
1217,government,22,27,国家开发银行
1217,name,32,33,王益
1217,name,43,44,王益
1217,position,29,31,副行长
1217,scene,61,64,南普陀寺
1217,address,89,91,孜许乡
1217,address,97,99,孜许乡
1217,address,105,107,孜许乡
1217,name,94,96,邹堂权
1217,name,102,104,邹堂梗
1217,position,92,93,书记
1217,position,100,101,书记
1217,position,122,123,乡长
1217,position,129,131,建筑师
