﻿ID,Category,Pos_b,Pos_e,Privacy
1219,organization,40,42,斯托克
1219,address,49,50,荷兰
1219,organization,51,58,莱顿大学生物学系
1219,book,62,68,《人种药理学》
1219,name,73,75,rob
1219,position,59,60,主任
1219,position,69,72,杂志主编
1219,name,119,120,悲鸿
1219,position,82,83,记者
1219,game,151,152,CS
1219,address,148,149,广东
1219,name,128,131,lily
1219,government,181,184,广电总局
1219,government,190,194,信息产业部
1219,book,200,214,《互联网视听节目服务管理规定》
1219,game,228,233,《K.O堂》
