﻿ID,Category,Pos_b,Pos_e,Privacy
1228,movie,7,13,《决胜21点》
1228,movie,23,31,《爱在瘟疫蔓延时》
1228,movie,33,54,loveinthetimeofcholera
1228,name,56,61,迈克·纽厄尔
1228,organization,65,76,中国石油大学工商管理学院
1228,name,79,81,董秀成
1228,position,77,78,教授
1228,game,126,137,《星际传奇：逃离屠夫湾》
1228,game,152,155,文明IV
1228,government,187,189,银监会
1228,government,191,192,中央
1228,government,195,198,地方政府
1228,name,224,226,沈美成
1228,address,276,293,广州市林和西路广州体育学院东门体育馆
1228,government,299,303,上海市政府
