﻿ID,Category,Pos_b,Pos_e,Privacy
1239,address,3,27,北京市朝阳区朝外大街吉祥里208号民建中央239室
1239,address,28,30,长安街
1239,address,40,43,长安8号
1239,government,65,66,美军
1239,government,68,69,日军
1239,game,96,102,魔兽争霸III
1239,address,125,126,中国
1239,organization,111,113,WEM
1239,organization,119,121,WEM
1239,game,165,173,《莫斯科街头赛车》
1239,address,135,137,莫斯科
1239,address,156,162,莫斯科街头赛场
1239,company,178,185,光大银行长春分行
