﻿ID,Category,Pos_b,Pos_e,Privacy
1247,movie,11,16,《大明宫词》
1247,movie,17,22,《桔子红了》
1247,movie,23,27,《红楼梦》
1247,movie,28,31,《暗香》
1247,movie,32,38,《老公的春天》
1247,movie,39,45,《美妙的春天》
1247,name,55,57,儒楷文
1247,name,60,62,王莉：
1247,mobile,63,73,13311361821
1247,position,75,76,演员
1247,name,77,78,贾妮
1247,movie,84,89,《大明宫词》
1247,movie,90,95,《桔子红了》
1247,movie,96,100,《红楼梦》
1247,movie,101,104,《暗香》
1247,movie,105,108,《长征》
