﻿ID,Category,Pos_b,Pos_e,Privacy
1248,game,7,10,DotA
1248,government,60,62,银监会
1248,book,67,78,《个人贷款管理暂行办法》
1248,book,82,87,《个贷办法》
1248,company,43,46,新浪财经
1248,game,94,98,DotA2
1248,game,111,114,DotA
1248,name,119,125,JackLee
1248,scene,134,136,塞舌尔
1248,name,195,196,梁炜
1248,company,175,178,伟业顾问
1248,company,180,183,伟业顾问
1248,position,191,194,副总经理
1248,organization,200,202,锡耶纳
1248,company,211,216,bet365
1248,government,261,262,东盟
1248,game,301,304,DOTA
1248,organization,333,334,拜仁
