﻿ID,Category,Pos_b,Pos_e,Privacy
1260,organization,4,6,桑普多
1260,company,14,20,eurobet
1260,movie,49,53,杯酒人生》
1260,movie,85,91,《阳光小美女》
1260,government,102,108,日本海上自卫队
1260,address,161,162,北美
1260,movie,153,157,《教父2》
1260,movie,171,175,《教父2》
1260,company,136,137,EA
1260,company,139,141,派拉蒙
1260,game,176,181,《刺客信条》
1260,book,201,207,《达芬奇密码》
1260,name,187,194,CoreyMay
1260,position,185,186,编剧
1260,address,212,215,澳大利亚
1260,address,217,219,奥地利
1260,address,221,224,越南岘港
1260,address,237,238,岘港
