﻿ID,Category,Pos_b,Pos_e,Privacy
1267,government,0,4,国家版权局
1267,organization,6,13,世界知识产权组织
1267,company,57,62,bet365
1267,company,106,107,兴业
1267,company,109,110,平安
1267,company,112,113,工行
1267,company,115,116,招行
1267,company,118,119,广发
1267,company,121,122,交通
1267,government,136,142,香港特别行政区
1267,name,147,149,曾荫权
1267,company,167,170,东亚银行
1267,position,143,146,行政长官
1267,game,184,188,dota1
1267,movie,212,226,《嘉人marieclaire》
1267,movie,228,231,《硬汉》
