﻿ID,Category,Pos_b,Pos_e,Privacy
1269,address,0,5,“时代新苑”
1269,address,8,14,昌平区东小口镇
1269,address,18,40,地铁5号线与13号线交叉站立水桥站西北300米
1269,address,46,47,孟买
1269,government,61,64,印度空军
1269,name,58,59,聂云
1269,company,43,45,新华网
1269,position,56,57,记者
1269,movie,85,88,《熊猫》
1269,movie,110,116,《怪物史莱克》
1269,company,91,93,梦工厂
1269,government,129,130,欧盟
1269,name,137,138,专家
1269,organization,180,187,中国房地产业协会
1269,name,188,190,宋春华
1269,position,191,192,会长
1269,game,221,226,《刺客信条》
1269,address,260,263,酋长球场
