﻿ID,Category,Pos_b,Pos_e,Privacy
128,game,0,5,仙剑奇侠传五
128,government,59,63,国家版权局
128,book,88,91,大众软件
128,movie,119,122,《画皮》
128,movie,132,135,《画皮》
128,movie,125,130,《保持通话》
128,movie,137,141,《投名状》
128,name,113,115,陈嘉上
128,position,116,117,导演
128,government,165,166,央行
128,organization,207,208,尤文
128,organization,209,210,巴萨
128,organization,211,213,里斯本
128,organization,242,249,传媒大学南广学院
128,position,251,253,董事长
128,government,267,273,人居环境委员会
