﻿ID,Category,Pos_b,Pos_e,Privacy
1298,game,13,18,《死亡间谍》
1298,movie,25,38,《决断时刻》(Deathto
1298,scene,77,79,塞班岛
1298,game,96,99,dota
1298,game,146,155,《战斗位置：太平洋》
1298,company,118,133,EidosInteractive
1298,address,159,170,北京顺义新城马坡别墅组团
1298,government,207,209,证监会
1298,company,233,236,招商银行
1298,company,239,242,永隆银行
1298,organization,251,255,银行业协会
1298,game,280,289,《英雄连：勇气传说》
1298,name,302,304,沈美成
1298,position,306,307,记者
