﻿ID,Category,Pos_b,Pos_e,Privacy
1304,movie,2,5,《三国》
1304,name,6,7,孙权
1304,movie,18,25,《囧人幸福生活》
1304,name,26,28,马小东
1304,name,39,40,罗匡
1304,movie,59,59,＜
1304,movie,60,64,＜出关＞＞
1304,name,65,67,刘一手
1304,position,69,70,演员
1304,movie,73,76,《三国》
1304,name,79,80,孙权
1304,movie,9,14,《苍穹之昴》
1304,name,15,16,光绪
1304,movie,32,36,云上的诱惑
1304,movie,42,45,《战雷》
1304,name,46,47,高等
1304,movie,49,55,《秀秀的男人》
1304,name,56,58,石海生
