﻿ID,Category,Pos_b,Pos_e,Privacy
1311,game,29,32,英雄联盟
1311,game,37,40,英雄联盟
1311,address,63,68,北卡罗来纳州
1311,government,59,61,美陆军
1311,scene,90,97,casela公园
1311,address,126,128,黑云寨
1311,government,161,162,日军
1311,government,164,165,国军
1311,government,167,169,八路军
1311,government,171,172,伪军
1311,name,199,200,盖蒂
1311,company,177,180,盖蒂信托
1311,company,182,185,盖蒂基金
1311,book,227,231,《洛丽塔》
1311,name,223,226,纳博可夫
1311,movie,241,247,《妻子结婚了》
1311,name,249,251,孔艺珍
