﻿ID,Category,Pos_b,Pos_e,Privacy
1328,book,22,37,汉斯·克里斯蒂安·安徒生童话故事
1328,position,6,7,作者
1328,game,76,82,《夺宝冒险王》
1328,company,44,47,数力游戏
1328,company,51,54,寰宇之星
1328,company,58,61,游戏天堂
1328,address,83,88,光耀东方广场
1328,game,141,145,dota2
1328,game,174,177,星际争霸
1328,organization,214,215,莱切
1328,company,241,243,广发行
1328,company,249,251,中信保
1328,book,290,298,《爱在瘟疫蔓延时》
1328,address,325,329,合生世界村
1328,name,384,387,川久保玲
1328,position,380,383,时尚大师
