﻿ID,Category,Pos_b,Pos_e,Privacy
1350,movie,2,8,《爱情碰碰撞》
1350,movie,9,15,《青春的季节》
1350,position,16,17,导演
1350,movie,19,27,《别跟我谈高富帅》
1350,position,28,34,出品人兼总导演
1350,movie,38,44,《达人也疯狂》
1350,position,45,47,制片人
1350,position,49,50,监制
1350,position,69,70,导演
1350,name,71,73,张一墨
1350,movie,77,83,《爱情碰碰撞》
1350,position,84,85,导演
1350,position,87,88,监制
1350,company,56,65,中视奥美（北京）影业
1350,position,66,67,总裁
