﻿ID,Category,Pos_b,Pos_e,Privacy
1352,name,0,2,范雨林
1352,name,53,56,张震将军
1352,position,58,59,演员
1352,movie,61,64,《潜伏》
1352,movie,69,72,《女工》
1352,name,73,75,甄志诚
1352,movie,77,83,《新三国演义》
1352,name,84,85,孙坚
1352,movie,4,10,大宅门1912
1352,movie,12,14,潜伏】
1352,movie,15,19,楚汉传奇》
1352,movie,20,23,尖刀队】
1352,movie,24,26,三国】
1352,movie,27,33,硝烟背后的战争
1352,movie,35,39,辛亥革命】
1352,movie,40,44,陕北汉子】
1352,movie,45,46,女工
1352,movie,70,71,女工
1352,movie,48,50,解放】
