﻿ID,Category,Pos_b,Pos_e,Privacy
1386,address,6,9,乐成中心
1386,government,56,60,中国银监会
1386,book,47,50,南华早报
1386,government,115,122,房地产国家统计局
1386,game,135,138,dota
1386,book,199,204,《神雕侠侣》
1386,movie,246,249,《异形》
1386,government,227,232,美国殖民舰队
1386,game,263,265,星际2
1386,organization,257,259,G联赛
1386,government,285,287,FTC
1386,company,275,282,Take-Two
1386,address,314,318,贝弗利山庄
1386,name,307,312,汤姆-克鲁斯
