﻿ID,Category,Pos_b,Pos_e,Privacy
1388,game,24,29,《魔兽世界》
1388,name,0,5,Kotick
1388,position,12,14,投资者
1388,address,37,44,国际企业文化公园
1388,address,46,53,18洞高尔夫球场
1388,address,94,95,韩国
1388,address,98,99,韩国
1388,movie,108,111,《丑闻》
1388,book,142,145,《神曲》
1388,address,156,157,北京
1388,name,179,181,郭庆祥
1388,position,153,154,记者
1388,address,204,210,昆士兰州东南角
1388,scene,198,201,黄金海岸
1388,scene,222,241,冲浪者天堂surfersparadise
1388,scene,248,250,龙目岛
1388,address,317,318,巴统
1388,government,287,290,美国使馆
