﻿ID,Category,Pos_b,Pos_e,Privacy
1394,organization,0,6,门兴格拉德巴赫
1394,organization,25,26,德甲
1394,address,39,45,远洋·万和公馆
1394,scene,54,58,大望京公园
1394,company,79,81,易胜博
1394,company,83,93,interwetten
1394,company,108,112,威廉·希尔
1394,company,114,119,bet365
1394,address,157,161,安菲尔德路
1394,organization,149,150,曼联
1394,game,186,196,《梦幻红楼Flash》
1394,organization,202,204,日尔曼
1394,organization,214,218,沙尔克04
1394,address,271,273,贺兰山
1394,position,266,268,艺术家
1394,game,292,296,《汉之云》
1394,government,333,341,上海市高级人民法院
1394,name,324,325,杨佳
