﻿ID,Category,Pos_b,Pos_e,Privacy
14,address,26,31,中国电子大厦
14,name,40,42,火来胜
14,position,71,73,苦行僧
14,game,108,123,《伊苏1&2历代记(YsI&II
14,government,124,129,中消协消指部
14,name,132,134,王前虎
14,position,130,131,主任
14,game,164,170,《暗黑破坏神》
14,position,144,145,记者
14,movie,182,189,《侏罗纪公园3》
14,movie,201,210,《我盛大的同志婚礼》
14,movie,220,226,《关于施密特》
14,position,179,180,编剧
14,position,198,199,医生
14,company,233,234,交行
14,company,291,292,邮储
