﻿ID,Category,Pos_b,Pos_e,Privacy
1404,name,5,6,康淼
1404,name,7,9,沈汝发
1404,position,3,4,记者
1404,scene,10,12,卢霍山
1404,scene,14,16,长滩岛
1404,scene,24,26,长滩岛
1404,company,58,64,俄罗斯欧洲银行
1404,company,89,95,俄罗斯欧洲银行
1404,position,101,105,战略投资者
1404,address,109,113,格拉斯小镇
1404,name,118,120,王广善
1404,position,115,116,市长
1404,position,121,123,总经理
1404,government,147,150,市住建委
1404,company,180,189,荷兰银行中国有限公司
1404,company,192,195,荷兰银行
1404,company,167,169,rbs
