﻿ID,Category,Pos_b,Pos_e,Privacy
1419,movie,3,5,蝙蝠侠
1419,movie,13,18,《侠影之谜》
1419,movie,43,48,《暗夜骑士》
1419,organization,61,62,罗马
1419,organization,65,66,尤文
1419,name,49,51,陆慧明
1419,government,75,85,武汉市住房保障管理中心
1419,government,98,101,房产部门
1419,name,88,90,冷山德
1419,position,86,87,主任
1419,name,123,125,萨拉查
1419,name,143,144,杰克
1419,position,126,127,船长
1419,position,145,146,船长
1419,movie,161,165,星球大战》
1419,name,209,211,斯基贝
