﻿ID,Category,Pos_b,Pos_e,Privacy
1438,movie,0,8,《迪士尼长发公主》
1438,address,57,58,香港
1438,movie,43,47,《雾之恋》
1438,movie,70,78,《天水围的日与夜》
1438,government,105,108,人民银行
1438,organization,142,143,米兰
1438,name,135,137,迪卡洛
1438,name,157,167,马拉戈（malago）
1438,position,132,134,主教练
1438,address,172,179,南太平瓜加林环礁
1438,government,181,182,美军
1438,name,183,188,罗奈尔德雷根
1438,address,218,220,秦皇岛
1438,address,232,235,滨海大道
1438,scene,237,241,鸽子窝海滩
1438,scene,243,250,秦皇岛野生动物园
