﻿ID,Category,Pos_b,Pos_e,Privacy
1445,movie,18,20,精武门
1445,movie,22,24,霍元甲
1445,game,37,42,《全景战士》
1445,game,44,49,《使命召唤》
1445,game,51,56,《荣誉勋章》
1445,game,58,68,《美国“海豹”特遣队》
1445,address,108,110,摩洛哥
1445,movie,75,81,《权力的游戏》
1445,name,122,124,彭小军
1445,company,112,119,深发展信用卡中心
1445,company,130,132,cbn
1445,position,120,121,总裁
1445,address,153,154,香港
1445,scene,167,171,维多利亚港
1445,game,206,207,SF
1445,government,229,234,住房保障部门
